{
  "method": "BM25 (V3 - stopwords removed)",
  "metrics": {
    "ndcg@10": 0.5440729643178371,
    "mrr@10": 0.8020555555555555,
    "recall@100": 0.10072748724043416,
    "recall@1000": 0.38846427605066763
  },
  "std": {
    "ndcg@10": 0.26473063629480115,
    "mrr@10": 0.3272438259233293,
    "recall@100": 0.06009624203643856,
    "recall@1000": 0.1789795168334407
  },
  "per_query_ndcg": {
    "1": 0.4224630869902478,
    "2": 0.4123518264704124,
    "3": 0.432868955629361,
    "4": 0.31488013066763093,
    "5": 0.5093637408937841,
    "6": 0.8830464882589033,
    "7": 0.914856882358379,
    "8": 0.33496992627352123,
    "9": 0.06943122193677727,
    "10": 0.8219384216371077,
    "11": 0.06362078819895171,
    "12": 0.07728716978919913,
    "13": 0.6706822904457741,
    "14": 0.5783766989542406,
    "15": 0.3654040837738752,
    "16": 0.6753070238713995,
    "17": 0.7373563199430109,
    "18": 0.8398027422266441,
    "19": 0.3830239335010273,
    "20": 0.8521705090845474,
    "21": 0.43531196564595614,
    "22": 0.7967610662472993,
    "23": 0.6142004994161311,
    "24": 0.7385567757549499,
    "25": 0.67175898907361,
    "26": 0.5868720866710773,
    "27": 0.5923450826050292,
    "28": 0.7570111083995953,
    "29": 0.5511098864738389,
    "30": 0.9633180389503199,
    "31": 0.07100952858881351,
    "32": 0.33013764944712026,
    "33": 0.5224955967919311,
    "34": 0.24573132854020638,
    "35": 0.121825078691301,
    "36": 0.8716131363261199,
    "37": 0.6062638453638773,
    "38": 0.6663467913541974,
    "39": 0.9024054996046694,
    "40": 1.0,
    "41": 0.18340980524840012,
    "42": 0.5750042746227677,
    "43": 0.7510916729774053,
    "44": 0.8643145546088337,
    "45": 0.6735678622527852,
    "46": 0.3664221145948014,
    "47": 0.033127111727194514,
    "48": 0.4690000933206748,
    "49": 0.2489083270225946,
    "50": 0.6345262046655636
  }
}