{
  "method": "Dense (BioBERT)",
  "metrics": {
    "ndcg@10": 0.41793007723616166,
    "mrr@10": 0.6392380952380952,
    "recall@100": 0.06504582433880177,
    "recall@1000": 0.2469858433072968
  }
}