{
  "method": "Fusion (alpha=0.6)",
  "best_alpha": 0.6,
  "metrics": {
    "ndcg@10": 0.6279711180078617,
    "mrr@10": 0.8414999999999999,
    "recall@100": 0.10919169501735942,
    "recall@1000": 0.3952212989170654
  }
}